reply_to_status_id,sentiment_score,parent_sentiment,agreement_score
x1013092310555545602,0.42115,,
x1023186313347059712,0.6369,,
x1068421174898524160,-0.29600000000000004,,
x1068766655910764545,0.2714,,
x1070714487949414400,0.6209,,
x1070934683939033088,0.0,,
x1071213649916649472,0.6162,,
x1071777755149295619,0.4912,,
x1071791720646537219,0.0,,
x1071873485406920704,0.48945000000000005,,
x1071936672328179712,0.34,,
x1071940116166443010,0.0,,
x1071970258121043970,0.0516,-0.765,-0.7134
x1071972775059996672,-0.4767,-0.3612,-0.8379000000000001
x1071990390474067968,-0.6369,-0.2263,-0.8632
x1071996681544232960,0.0,-0.6597,-0.6597
x1072002976196280321,0.0,0.0,0.0
x1072013044438450176,-0.1951,0.0772,-0.11789999999999999
x1072014298057195520,-0.3182,0.1531,-0.16509999999999997
x1072016814555742210,0.0,-0.34,-0.34
x1072045793195028480,0.5719,0.5023,1.0741999999999998
x1072048274528440320,0.10115,-0.6908,-0.58965
x1072055823927517184,-0.4019,-0.0772,-0.47909999999999997
x1072060942899388416,0.0,-0.7096,-0.7096
x1072101123694182400,-0.2732,0.4019,0.12869999999999998
x1072103636216504320,-0.5574,0.3612,-0.19619999999999999
x1072106266586202112,0.2406,-0.0772,0.1634
x1072107411584966656,0.0656666666666667,-0.34,-0.2743333333333333
x1072108670660608007,-0.45765,-0.8625,-1.32015
x1072111194285191170,-0.1468,0.0,-0.1468
x1072114324028571648,-0.1027,-0.5719,-0.6746
x1072126297546072070,-0.029680000000000005,-0.4767,-0.50638
x1072189436966903814,0.0,0.0,0.0
x1072194234822873090,-0.14386666666666667,-0.1695,-0.3133666666666667
x1072196934469865472,0.0,0.4767,0.4767
x1072209343871901696,0.8402,-0.6249,0.21529999999999994
x1072211948778020865,0.29600000000000004,0.0,0.29600000000000004
x1072229468297662464,-0.6872,0.0516,-0.6356
x1072242168159502337,-0.6908,0.0,-0.6908
x1072254638953586688,-0.44805,0.0,-0.44805
x1072259679546433536,-0.0258,-0.4767,-0.5025000000000001
x1072269743007195136,0.0,0.0,0.0
x1072274767426846721,0.0,0.1779,0.1779
x1072277283354931200,0.0,0.0516,0.0516
x1072282321313771520,0.22988749999999997,0.4404,0.6702874999999999
x1072284830237409280,0.7269,-0.3818,0.3451
x1072297415376601088,-0.5267,0.0,-0.5267
x1072303192380198912,-0.8481,0.4926,-0.3555
x1072303248537804806,-0.1027,-0.8481,-0.9508
x1072303288773681152,0.0,-0.1027,-0.1027
x1072303335825436672,0.5445500000000001,0.0,0.5445500000000001
x1072303372542328833,-0.5859,0.4767,-0.10919999999999996
x1072332676634501120,-0.0772,0.0,-0.0772
x1072337680065851392,0.3612,-0.5267,-0.16549999999999992
x1072342714316963840,0.9074,0.2302,1.1376
x1072349003294171136,0.8537,0.7170000000000001,1.5707
x1072360328607006721,-0.1531,-0.8176,-0.9707
x1072377963570712576,0.0,0.0,0.0
x1072385527951831041,0.2484,0.0,0.2484
x1072393059734880256,0.6369,0.4404,1.0773000000000001
x1072400769234731008,0.0,0.0,0.0
x1072403114072915969,0.2732,0.0,0.2732
x1072423341284356100,0.1635,-0.8225,-0.659
x1072428276835123200,0.6597,0.0,0.6597
x1072443377772318721,0.2202,0.0,0.2202
x1072455971136512006,0.0,0.0,0.0
x1072461129425797120,0.4404,0.0,0.4404
x1072483722052726786,0.3612,-0.7964,-0.4352
x1072488677840953344,-0.6486,0.0,-0.6486
x1072488734187110400,0.3541,0.6366,0.9907000000000001
x1072493708635975680,-0.03893333333333333,0.0,-0.03893333333333333
x1072501258395795457,0.6597,-0.2732,0.38649999999999995
x1072523934581579776,-0.4939,0.4019,-0.09200000000000003
x1072525164213092352,-0.18660000000000002,0.1027,-0.08390000000000002
x1072526452476776448,-0.8481,-0.1027,-0.9508
x1072531477236248578,0.4360249999999999,0.4767,0.9127249999999999
x1072550330187956225,-0.29600000000000004,0.6366,0.3406
x1072554132442107904,0.5176666666666666,-0.5994,-0.08173333333333344
x1072566978114662402,0.4215,-0.2732,0.1483
x1072576826571177984,0.0,0.7579,0.7579
x1072585562631168001,0.09128333333333333,0.1027,0.19398333333333334
x1072591869144694785,0.0,0.0,0.0
x1072618277711400960,-0.5574,-0.483,-1.0404
x1072643217114497025,0.25,0.4926,0.7425999999999999
x1072643281849335809,-0.5972,0.25,-0.34719999999999995
x1072643329949663232,-0.128,-0.5972,-0.7252
x1072643361075544066,-0.0772,-0.128,-0.2052
x1072643394667712513,-0.5106,-0.0772,-0.5878000000000001
x1072644702900498432,0.1779,0.0,0.1779
x1072664863460200449,-0.2966,0.6249,0.32830000000000004
x1072684970769072129,-0.4549,-0.1531,-0.6080000000000001
x1072698808335626240,0.5468,-0.34,0.20679999999999993
x1072715167744569344,0.4588,0.0,0.4588
x1072722719442116608,0.0,-0.0258,-0.0258
x1072732823340179457,0.4404,0.0,0.4404
x1072742849962237952,0.8225,0.4019,1.2244
x1072744106835742720,-0.40045000000000003,-0.8316,-1.23205
x1072747907839868929,0.0,0.0,0.0
x1072755465644322817,0.5859,0.3875,0.9734
x1072759206242074624,0.08895,-0.34,-0.25105
x1072778163523063808,0.0258,0.0,0.0258
x1072800778899939328,0.0,-0.3612,-0.3612
x1072804505010372608,0.4019,-0.8316,-0.4297
x1072820863584616449,-0.8176,0.0,-0.8176
x1072823544990613505,0.455225,0.3182,0.773425
x1072833450275733504,-0.1555,0.7351,0.5796
x1072842078659346434,-0.08114000000000002,0.0,-0.08114000000000002
x1072846190914490368,0.3179,-0.7184,-0.4005
x1072854837023387651,0.09081666666666666,0.0,0.09081666666666666
x1072856098619777025,-0.3071,0.2846,-0.022499999999999964
x1072864902971240449,-0.33482500000000004,-0.8316,-1.166425
x1072881267270696965,-0.4874,-0.0772,-0.5646
x1072887803996966912,-0.29600000000000004,0.2732,-0.022800000000000042
x1072903658629668864,-0.08895,0.0,-0.08895
x1072903940428218372,0.128,0.34,0.468
x1072921681314893829,-0.03883333333333331,-0.765,-0.8038333333333333
x1072929078511132672,0.77185,0.1779,0.9497500000000001
x1072936667206569984,-0.21075,0.3818,0.17104999999999998
x1072941661611847681,-0.0129,0.0,-0.0129
x1072944317818421249,0.4588,0.0,0.4588
x1072956761647316994,0.0,0.1779,0.1779
x1072961810771390464,-0.128,-0.3612,-0.4892
x1072964055873183744,0.3933999999999999,0.0,0.3933999999999999
x1072971859522740230,-0.2551,-0.5859,-0.841
x1073007090380226560,0.7269,0.3182,1.0451
x1073008138566029313,0.0,0.4926,0.4926
x1073008194497110016,-0.5859,0.0,-0.5859
x1073008240802258944,0.3818,-0.5859,-0.2041
x1073008282128662528,0.0,0.3818,0.3818
x1073008328714801152,-0.4019,0.0,-0.4019
x1073008851249717248,0.4939,0.2732,0.7671
x1073009610632691718,-0.30693333333333334,-0.5423,-0.8492333333333333
x1073032257483534337,-0.26335,-0.4404,-0.70375
x1073053071822020610,0.0,0.25,0.25
x1073068746112229379,-0.08553749999999999,0.0,-0.08553749999999999
x1073072573888503808,0.0,0.34,0.34
x1073075052189507584,0.0,-0.4404,-0.4404
x1073077555329204225,-0.5423,-0.5423,-1.0846
x1073097688579801089,-0.6124,0.0,-0.6124
x1073112787914756096,-0.4717,-0.4215,-0.8932
x1073122857373327361,-0.5849,0.0,-0.5849
x1073136693664989184,0.2906,0.0,0.2906
x1073140615519657984,0.0,0.0,0.0
x1073142988270960640,0.4767,0.0,0.4767
x1073148073755508737,-0.2755,0.3182,0.04269999999999996
x1073150538525614081,-0.7339,-0.4939,-1.2278
x1073155664959209472,-0.5341,-0.5994,-1.1335000000000002
x1073160613139005440,0.20095,-0.8316,-0.63065
x1073179235819241472,-0.5550166666666667,-0.5574,-1.1124166666666668
x1073185913637875713,0.0,-0.3612,-0.3612
x1073195835826032640,0.0,-0.8909999999999999,-0.8909999999999999
x1073201044266672128,0.4926,0.2023,0.6949
x1073213465182040069,0.09879999999999997,0.5719,0.6707
x1073214645047947265,-0.055324999999999985,0.0,-0.055324999999999985
x1073231167770505218,0.5768,-0.7717,-0.19490000000000007
x1073233605021892609,-0.31800000000000006,-0.7506,-1.0686
x1073236117284143105,0.4019,0.0,0.4019
x1073248699378225153,-0.0112,-0.8316,-0.8428
x1073256279227973632,-0.4939,-0.4929,-0.9868
x1073258758590160896,0.5499,0.8268,1.3767
x1073263790899298310,-0.6613,-0.4939,-1.1552
x1073266299365744641,-0.802,-0.8225,-1.6245
x1073271332828266498,-0.5106,-0.4019,-0.9125000000000001
x1073278891429650432,0.7269,0.1154,0.8423
x1073301278397059072,-0.38585,-0.5574,-0.94325
x1073304050551140353,0.1998,-0.9359999999999999,-0.7362
x1073306713082785792,0.16885,-0.3818,-0.21294999999999997
x1073336863040114690,0.0,-0.4019,-0.4019
x1073340537153949697,-0.55825,-0.4019,-0.9601500000000001
x1073344400976211971,0.4404,-0.3818,0.05860000000000004
x1073346833999687686,0.6908,-0.0772,0.6135999999999999
x1073361931979890688,0.24385,0.34,0.58385
x1073364445823451137,0.7351,0.0,0.7351
x1073369565051027458,0.0,0.4926,0.4926
x1073369629790093312,-0.6486,0.0,-0.6486
x1073369671875801088,0.1154,-0.6486,-0.5331999999999999
x1073369711369318400,0.0,0.1154,0.1154
x1073369750732820480,0.4939,0.0,0.4939
x1073371994861826048,0.0,0.3612,0.3612
x1073379544114053120,0.743,-0.3182,0.4248
x1073384580776910848,0.4316,0.2023,0.6339
x1073400934661681153,-0.010825000000000001,-0.4404,-0.451225
x1073429876672212992,0.22275000000000003,-0.6249,-0.40215
x1073461332609921024,-0.29600000000000004,-0.4019,-0.6979
x1073490276579270657,-0.4215,0.2023,-0.21919999999999998
x1073495379587620864,-0.8402,-0.8555,-1.6957
x1073510420957315073,0.0,-0.29600000000000004,-0.29600000000000004
x1073515442692599808,0.0,-0.29600000000000004,-0.29600000000000004
x1073521731099189248,0.25,-0.4404,-0.1904
x1073536830283440128,0.8047,0.0,0.8047
x1073538100759015424,0.0516,0.0,0.0516
x1073545640020455425,0.0,0.0,0.0
x1073550684484788224,0.2815,0.0,0.2815
x1073564513142784005,0.521675,0.128,0.649675
x1073569545665765376,0.27209999999999995,-0.6486,-0.3765
x1073590952038686720,0.2732,-0.4019,-0.12869999999999998
x1073599744855859200,0.0193,0.6808,0.7001
x1073636244029095936,0.0,-0.3612,-0.3612
x1073646373243883521,-0.6486,-0.7303,-1.3788999999999998
x1073658909397794817,-0.4767,-0.34,-0.8167
x1073669098792517632,0.6597,-0.4019,0.2578
x1073681537139384321,-0.3612,-0.3612,-0.7224
x1073685309278310400,-0.5423,0.128,-0.4143
x1073694119854252033,0.0,-0.8885,-0.8885
x1073696636117897219,0.09360000000000002,-0.4939,-0.4003
x1073704193142202368,0.0,0.0,0.0
x1073716771184697344,-0.05135,-0.7184,-0.76975
x1073719374505304064,-0.4393,-0.5574,-0.9967
x1073724317307990016,0.064,0.7184,0.7824
x1073731866853806080,0.06008571428571428,0.5267,0.5867857142857142
x1073741305195294720,-0.29600000000000004,0.3612,0.06519999999999998
x1073754517026627584,-0.4767,0.8658,0.3891
x1073779687242039296,-0.743,0.128,-0.615
x1073794780650528768,-0.5014,0.0,-0.5014
x1073809883735175168,0.0,0.0,0.0
x1073811140902174721,0.0086,-0.6486,-0.6399999999999999
x1073820052846272512,-0.08360000000000001,-0.128,-0.2116
x1073824980851408896,0.0,0.7269,0.7269
x1073830015605923841,0.4215,-0.5994,-0.17790000000000006
x1073837562576470016,-0.3412,0.0,-0.3412
x1073858486042324992,0.21075,-0.25,-0.03925000000000001
x1073867763477811200,0.0,0.3818,0.3818
x1073872811461095425,0.08484285714285715,0.29600000000000004,0.3808428571428572
x1073896701746794497,0.0,0.0,0.0
x1073897962189787136,0.5719,0.0,0.5719
x1073905511983124480,0.4404,0.0,0.4404
x1073925764981100544,-0.08895,-0.765,-0.85395
x1073945786113843200,-0.88375,-0.836,-1.71975
x1073990819693150209,0.0,-0.4939,-0.4939
x1074012075385634819,0.0,-0.6697,-0.6697
x1074020983059767297,-0.7579,0.0,-0.7579
x1074043341665419264,0.0742,0.0,0.0742
x1074044738565738500,0.12549999999999997,-0.2732,-0.14770000000000003
x1074049062478012416,-0.24392,0.1531,-0.09081999999999998
x1074119422422540289,0.4939,-0.2263,0.2676
x1074144597981437952,0.3818,0.0,0.3818
x1074149619741966337,0.0,-0.1531,-0.1531
x1074152138757033984,0.5574,0.0,0.5574
x1074177301531779073,0.7351,-0.29600000000000004,0.43909999999999993
x1074179039231827969,0.26335,-0.3182,-0.05485000000000001
x1074179817719951360,-0.7695,0.4019,-0.3676
x1074192401089073152,-0.1779,-0.7964,-0.9742999999999999
x1074237700155301888,0.0,-0.5106,-0.5106
x1074250327476588545,0.0,-0.34,-0.34
x1074252799481921536,0.0,0.0,0.0
x1074257903664676864,0.0,0.0762,0.0762
x1074262871712911360,0.0,-0.0772,-0.0772
x1074270413918793728,0.1027,-0.7003,-0.5976
x1074273065536761856,-0.29600000000000004,-0.0387,-0.33470000000000005
x1074275450996838400,-0.25933333333333336,-0.1635,-0.4228333333333334
x1074288067786223623,0.4767,-0.8402,-0.36349999999999993
x1074291542813233152,-0.387325,0.0,-0.387325
x1074293062707363840,0.1806,-0.4215,-0.24089999999999998
x1074298098703314944,0.5859,0.0516,0.6375
x1074300864502861830,-0.5267,-0.3182,-0.8449
x1074319924707950592,-0.4939,-0.4019,-0.8957999999999999
x1074361514096644096,0.11090000000000001,-0.3182,-0.20729999999999998
x1074365116253122560,0.0,-0.8225,-0.8225
x1074381008064184321,-0.0399,-0.1027,-0.1426
x1074386774141648896,0.6421,-0.2023,0.43979999999999997
x1074423781358215174,0.0,-0.4215,-0.4215
x1074459160341872642,0.6908,-0.5994,0.09139999999999993
x1074464196920795136,0.6369,0.0,0.6369
x1074469252176990210,0.3164,-0.3818,-0.06539999999999996
x1074496908301864960,0.4019,-0.4767,-0.07480000000000003
x1074504459521351681,-0.5216,-0.5423,-1.0638999999999998
x1074506990058176513,0.0,0.25,0.25
x1074525687141318657,0.0,0.0,0.0
x1074542206130839553,-0.0258,-0.7506,-0.7764000000000001
x1074552273630625793,0.5106,0.0,0.5106
x1074561133732712448,-0.1971,0.0,-0.1971
x1074592551276032005,0.0,0.0,0.0
x1074597636605440000,0.0,0.0,0.0
x1074615191437017089,0.4404,0.4767,0.9171
x1074642949085020160,0.3252,-0.25,0.07519999999999999
x1074665577359261696,0.1511,,
x1074680739524984837,0.4215,-0.1779,0.24359999999999998
x1074683138809454592,-0.3128,-0.5106,-0.8234000000000001
x1074707041514545152,-0.254,0.2023,-0.051699999999999996
x1074733511565828098,-0.4031,0.1779,-0.2252
x1074748705192984577,-0.5106,0.0,-0.5106
x1074758645248868352,0.0,-0.4215,-0.4215
x1074783797625978881,-0.2275,-0.4939,-0.7214
x1074784048524992512,-0.7717,0.7783,0.006599999999999939
x1074798898965815302,0.4019,0.4019,0.8038
x1074810221162348544,0.0,0.8765,0.8765
x1074811262695919616,0.5267,0.4926,1.0192999999999999
x1074811309877673984,-0.4019,0.5267,0.12479999999999997
x1074811356681973760,0.1027,-0.4019,-0.29919999999999997
x1074811390802616320,-0.5267,0.1027,-0.42399999999999993
x1074811724090376192,-0.34,-0.5267,-0.8667
x1074811768814194688,0.4404,-0.34,0.10039999999999999
x1074814003917045760,-0.1893,-0.128,-0.3173
x1074827836920340480,-0.5081,-0.5423,-1.0504
x1074827837025046529,0.0,0.2023,0.2023
x1074844448033361921,0.3629,0.7783,1.1412
x1074856780251971585,-0.258,0.4727,0.2147
x1074860552629948416,-0.2068625,-0.6486,-0.8554625
x1074864327906201601,0.04411428571428571,-0.5267,-0.48258571428571423
x1074876928967000065,-0.012825,0.8316,0.818775
x1074879431381004288,-0.5267,-0.0258,-0.5525
x1074885718382702592,0.5267,-0.5423,-0.015600000000000058
x1074899581740163072,0.6249,-0.6956,-0.07069999999999999
x1074902079213314048,0.0,-0.5719,-0.5719
x1074904596060037120,0.0,-0.4215,-0.4215
x1074917175738228736,0.2023,0.6249,0.8272
x1074922220386959360,-0.765,0.1779,-0.5871
x1074934791965954048,-0.4767,0.0,-0.4767
x1074942458436440064,0.9169,-0.7269,0.19000000000000006
x1074957443661209600,0.0938,-0.4588,-0.365
x1074960022797516803,0.4939,0.6597,1.1536
x1074970027227516928,-0.34,0.0,-0.34
x1074970527184244737,0.8622,-0.5574,0.30479999999999996
x1074979673736568833,0.1357,-0.5859,-0.4502
x1074990266426241025,-0.5859,0.25,-0.3359
x1074993931350290433,0.19595,-0.5719,-0.37594999999999995
x1074995193450033152,0.0,0.2263,0.2263
x1075007736469843968,-0.015676923076923074,0.0,-0.015676923076923074
x1075017841806639105,0.2156,0.0,0.2156
x1075030925468200962,0.0,-0.5574,-0.5574
x1075035585134452740,0.0,0.0,0.0
x1075036713490120704,0.0,0.0,0.0
x1075041243065835520,-0.16962000000000002,-0.5859,-0.75552
x1075053084563464193,-0.34,-0.5267,-0.8667
x1075055598616633344,-0.4588,0.0,-0.4588
x1075063139518111744,0.2553,0.6369,0.8922000000000001
x1075070703639126016,0.6124,-0.5267,0.08570000000000011
x1075093337701576705,-0.3182,-0.9153,-1.2335
x1075095877285543936,0.5563555555555556,0.0,0.5563555555555556
x1075111082690252800,-0.2482,-0.4939,-0.7421
x1075117244374487040,0.3935,0.0,0.3935
x1075129827483664385,0.20935,0.0,0.20935
x1075131091240009728,0.0,-0.9042,-0.9042
x1075133679633080321,0.0,0.0,0.0
x1075138639955410944,-0.5719,-0.3987,-0.9705999999999999
x1075161299892494337,-0.21075,0.0,-0.21075
x1075162039117537280,0.01006666666666666,-0.5859,-0.5758333333333333
x1075166321380335616,-0.321725,-0.5267,-0.848425
x1075175125664837634,-0.5023,-0.5719,-1.0741999999999998
x1075182561981169664,-0.0772,0.4926,0.4154
x1075182621280264192,-0.3818,-0.0772,-0.45899999999999996
x1075182660165595136,-0.3818,-0.3818,-0.7636
x1075182700258938880,0.2023,-0.3818,-0.17949999999999997
x1075182733905678337,-0.4939,0.2023,-0.29159999999999997
x1075183948437823488,0.3818,-0.3612,0.02059999999999995
x1075217907301240832,0.29600000000000004,0.0,0.29600000000000004
x1075240556836651008,0.466,0.0,0.466
x1075249365311283200,0.0,0.4588,0.4588
x1075251882396975104,0.1553,-0.2023,-0.047000000000000014
x1075272920820178945,0.6369,0.6369,1.2738
x1075282080035168256,0.2023,0.0,0.2023
x1075292149187530753,-0.11315,0.0,-0.11315
x1075292264421830656,-0.11874000000000003,-0.6249,-0.7436400000000001
x1075294667103789056,-0.4228,-0.5994,-1.0222
x1075324864544825344,0.5093,0.128,0.6373
x1075332413537116164,0.0,-0.5994,-0.5994
x1075334939959267329,-0.3612,0.4215,0.060299999999999965
x1075339963502354433,0.82275,0.0,0.82275
x1075345184949448704,0.0,0.0,0.0
x1075350029999648768,-0.3182,-0.8271,-1.1453
x1075372909328138240,-0.01935,-0.1477,-0.16705
x1075389035449864192,-0.14049999999999999,-0.872,-1.0125
x1075392811556659200,0.3612,0.0,0.3612
x1075404134436745216,0.0,0.4019,0.4019
x1075407912833552385,0.37145,-0.7096,-0.33815
x1075413073849143296,-0.8859999999999999,0.0,-0.8859999999999999
x1075414201538093056,-0.31155,0.2263,-0.08524999999999999
x1075417991922241536,0.0258,-0.4019,-0.3761
x1075419234157629440,0.0,-0.0572,-0.0572
x1075420681809133568,0.5719,-0.9565,-0.38460000000000005
x1075425548409679872,-0.9023,0.4939,-0.4084
x1075438109112836096,0.3612,0.0258,0.387
x1075483429372878848,-0.34,-0.5267,-0.8667
x1075488579495829505,-0.7948,0.0,-0.7948
x1075489698351439872,-0.11335714285714284,0.2263,0.11294285714285716
x1075490959033544707,0.743,-0.3182,0.4248
x1075494731470254091,-0.0752,-0.0572,-0.13240000000000002
x1075506064815198209,0.21075,0.08900000000000001,0.29975
x1075508574313422848,0.27813333333333334,0.0,0.27813333333333334
x1075516138602168320,0.1531,-0.1027,0.050400000000000014
x1075532496383533056,-0.775,0.4926,-0.28240000000000004
x1075532498661105664,0.1893,-0.775,-0.5857
x1075532500187803649,-0.6808,0.0,-0.6808
x1075532502133964800,-0.7717,-0.6808,-1.4525000000000001
x1075532503656484864,0.1027,-0.7717,-0.669
x1075532505749512192,-0.29600000000000004,0.1027,-0.19330000000000003
x1075533767857582080,-0.2732,0.2023,-0.07089999999999999
x1075538781305012224,0.0,-0.3818,-0.3818
x1075540033942151169,0.3297666666666667,-0.872,-0.5422333333333333
x1075543808044077056,0.7783,-0.765,0.013299999999999979
x1075546327168237568,0.1806,0.0,0.1806
x1075548853624074242,0.7777,-0.3612,0.4164999999999999
x1075550096526376965,-0.1806,0.2263,0.04569999999999999
x1075551357078331392,0.0,0.2263,0.2263
x1075556515145224198,-0.875,-0.765,-1.6400000000000001
x1075561420090167301,-0.5423,-0.6369,-1.1792
x1075570228644454400,0.2569666666666666,-0.0572,0.19976666666666662
x1075571614769655810,0.0772,0.4767,0.5539000000000001
x1075574005002846209,0.0,-0.25,-0.25
x1075576529550274560,0.7184,-0.4767,0.24170000000000003
x1075579060913401856,0.3724,-0.128,0.2444
x1075600427545182209,0.0,-0.1477,-0.1477
x1075610494050975744,0.07495,0.2263,0.30125
x1075615532466855936,-0.12164705882352941,-0.872,-0.9936470588235294
x1075616787465670656,-0.8723,-0.4404,-1.3127
x1075630626819239936,0.0,0.4019,0.4019
x1075634405438382080,-0.5423,0.4939,-0.0484
x1075645726527377408,0.29390000000000005,-0.0572,0.23670000000000005
x1075646999276503040,0.4404,0.0,0.4404
x1075652017228533760,-0.29600000000000004,-0.5267,-0.8227
x1075697330001715200,0.0,-0.5267,-0.5267
x1075708668971110400,0.26666666666666666,0.0258,0.29246666666666665
x1075730171544641537,0.31746666666666673,0.0,0.31746666666666673
x1075735066066776066,0.4807,0.0,0.4807
x1075745132425691138,0.3612,0.4215,0.7827
x1075787926544547841,0.0,-0.7096,-0.7096
x1075790580553342978,0.22172,-0.7003,-0.47858
x1075795463553589248,0.0258,0.0,0.0258
x1075830697846280192,-0.3161,-0.7184,-1.0345
x1075833232036413440,0.0,0.0,0.0
x1075848326103347200,-0.3382,-0.7003,-1.0385
x1075853349608718339,-0.7506,-0.6486,-1.3992
x1075860907870302213,0.1126,0.8442,0.9568
x1075888576280322049,0.23835,0.0,0.23835
x1075894868050935811,-0.6784,0.0772,-0.6012
x1075898928204152833,-0.026749999999999996,0.4926,0.46585
x1075899005538775041,-0.17770000000000002,-0.4939,-0.6716
x1075899069824790528,-0.1655,-0.2023,-0.3678
x1075899111197499392,0.0,-0.1655,-0.1655
x1075899157301186560,-0.7184,0.0,-0.7184
x1075906192965279745,0.4588,0.5267,0.9854999999999999
x1075917517279899653,0.0,0.5859,0.5859
x1075931359196123136,-0.3818,-0.29600000000000004,-0.6778
x1075938915129942016,-0.4019,-0.6705,-1.0724
x1075955265923678209,0.0,0.0772,0.0772
x1075976658631434240,0.3612,0.0,0.3612
x1075977915089674241,-0.14049999999999999,0.5859,0.4454
x1075979311105101824,-0.4767,0.0,-0.4767
x1075986761279508481,0.1154,-0.7906,-0.6752
x1075998047899811841,0.0,0.4588,0.4588
x1076013147239211008,0.3134,-0.4588,-0.14539999999999997
x1076015664056266753,0.0,0.0772,0.0772
x1076019440997883905,0.0,-0.6705,-0.6705
x1076038313058828289,0.0,0.5859,0.5859
x1076045862994890752,0.389425,-0.6908,-0.30137499999999995
x1076047135215362048,0.29245,-0.2263,0.06614999999999999
x1076073545409708032,-0.6486,-0.4588,-1.1074
x1076077346749321216,0.4019,-0.7269,-0.325
x1076102488837771264,0.0,0.3612,0.3612
x1076122677960757249,0.0,-0.1531,-0.1531
x1076133943320047617,0.0,-0.4588,-0.4588
x1076136459902451712,-0.0031999999999999806,-0.6908,-0.694
x1076142765765996544,-0.6119,0.0,-0.6119
x1076162896017715200,0.6486,-0.29600000000000004,0.3525999999999999
x1076195601526730753,-0.24915000000000004,-0.5106,-0.7597500000000001
x1076200698021404673,0.8516,-0.4019,0.44970000000000004
x1076211957630423043,-0.4897666666666667,-0.6908,-1.1805666666666665
x1076233366092042242,-0.3818,0.4215,0.03970000000000001
x1076238395821752320,0.1027,0.1779,0.2806
x1076258540770246656,-0.4767,-0.4215,-0.8982
x1076269754502074369,-0.12156666666666667,-0.128,-0.24956666666666666
x1076283682183397395,-0.09928,-0.6705,-0.76978
x1076289971429011456,-0.009500000000000008,-0.5267,-0.5362
x1076298780943794176,-0.34800000000000003,0.0,-0.34800000000000003
x1076301297530355712,-0.937,0.0,-0.937
x1076328980926603264,-0.3708,0.0,-0.3708
x1076339044878086144,-0.18463333333333334,-0.4215,-0.6061333333333333
x1076344077480808448,-0.07950000000000002,-0.3612,-0.44070000000000004
x1076345335914553344,0.6174,0.6908,1.3081999999999998
x1076350369352110080,0.36819999999999997,-0.6249,-0.25670000000000004
x1076366729385857024,-0.11479285714285714,0.0,-0.11479285714285714
x1076369247088111616,-0.53255,0.0,-0.53255
x1076376796898250752,0.9371,0.0772,1.0143
x1076379313451216896,0.0,-0.29600000000000004,-0.29600000000000004
x1076396929867759617,-0.1531,0.1779,0.02479999999999999
x1076410767618887680,-0.4384333333333334,-0.5267,-0.9651333333333334
x1076415533245960192,0.4926,0.0,0.4926
x1076422092743233541,0.3601,-0.2023,0.15779999999999997
x1076455316810797056,-0.5949,-0.3612,-0.9561
x1076533918717919232,0.7761,0.1531,0.9292
x1076545907561283584,-0.1597375,-0.5423,-0.7020375
x1076546505086025728,0.02053333333333333,0.0,0.02053333333333333
x1076614336540565504,0.4019,0.0,0.4019
x1076648587562504193,0.4939,-0.29600000000000004,0.19789999999999996
x1076666210002128897,0.42655,0.0,0.42655
x1076668726492233728,-0.2023,-0.6124,-0.8147000000000001
x1076701432324243456,-0.3442,-0.2263,-0.5705
x1076716532338700288,0.15556666666666666,-0.6597,-0.5041333333333333
x1076746733047173120,0.5267,-0.778,-0.2513000000000001
x1076784482634661888,-0.0682,0.0,-0.0682
x1076792033455558656,-0.12313333333333333,0.743,0.6198666666666667
x1076799582615547904,0.0,-0.34,-0.34
x1076804613968486400,0.5574,-0.3612,0.19619999999999999
x1076817198243594240,0.0,0.0,0.0
x1076832339693629440,-0.3595,-0.7469,-1.1064
x1076842368282910720,-0.4588,-0.743,-1.2018
x1076844881186906112,0.0,-0.7964,-0.7964
x1076849911382114305,0.38425000000000004,0.4404,0.8246500000000001
x1076855138319503360,0.6705,0.0,0.6705
x1076920376175796225,-0.21075,-0.4019,-0.6126499999999999
x1076940508402982914,0.0,0.1027,0.1027
x1076949393549479936,-0.191,-0.34,-0.531
x1076958127667507200,0.4019,-0.5994,-0.19750000000000006
x1076965679948070912,-0.7579,-0.4767,-1.2346
x1076983320167235585,-0.63,-0.1027,-0.7327
x1077010974295683072,-0.29600000000000004,0.0258,-0.27020000000000005
x1077016005866672128,0.4446,-0.4215,0.02310000000000001
x1077021186448596993,-0.17765,0.5574,0.37975000000000003
x1077036223619874816,-0.22575,0.0,-0.22575
x1077078928525803521,0.4215,0.0772,0.4987
x1077094019472244736,0.0,-0.4939,-0.4939
x1077116672425820160,0.6588,0.1082,0.767
x1077131768459902976,-0.5212818181818183,0.0,-0.5212818181818183
x1077159453936488449,-0.9153,-0.0516,-0.9669
x1077202408894353408,0.3147,0.0,0.3147
x1077217465803960320,0.12996666666666667,-0.4404,-0.31043333333333334
x1077221107139268608,0.0,0.0,0.0
x1077222367460540416,0.6476,0.3182,0.9658
x1077238723203514368,-0.7717,0.2023,-0.5694
x1077240106375958528,-0.08976666666666666,-0.2263,-0.31606666666666666
x1077243756259139587,-0.4588,0.0,-0.4588
x1077245129319165953,0.0,0.0,0.0
x1077247740000772096,-0.3836166666666667,0.0,-0.3836166666666667
x1077260115764482049,-0.0258,0.0,-0.0258
x1077267675406131200,0.5267,-0.4168,0.10989999999999994
x1077281505163071488,0.36795,0.0,0.36795
x1077300443385090048,0.4019,0.0,0.4019
x1077302994172035072,0.0,-0.6249,-0.6249
x1077319253533941760,0.0789,0.0,0.0789
x1077335616671621120,-0.09534000000000001,0.0,-0.09534000000000001
x1077341902897201152,0.0,0.0,0.0
x1077345719567204352,-0.1226,0.0,-0.1226
x1077350159208464384,0.4019,0.3382,0.7401
x1077350217417089024,0.0,0.4019,0.4019
x1077350254213685248,-0.35700000000000004,0.0,-0.35700000000000004
x1077350287474548736,0.0,-0.35700000000000004,-0.35700000000000004
x1077350711892025344,0.3812,-0.3182,0.063
x1077379651830456320,-0.2263,0.0,-0.2263
x1077401050519425024,0.14146666666666668,-0.7096,-0.5681333333333334
x1077402300677668864,0.20095,0.0,0.20095
x1077440049321365505,0.1095,0.0,0.1095
x1077443891702493184,-0.6597,-0.2732,-0.9329
x1077500447525605378,0.4425,0.4215,0.864
x1077504258067574784,0.1027,-0.836,-0.7333
x1077509255585038341,0.7003,0.0,0.7003
x1077514291799044096,0.34,0.0,0.34
x1077534537075302400,0.0,0.1531,0.1531
x1077547011333865472,0.0,0.0,0.0
x1077559587098804224,0.4819,0.743,1.2248999999999999
x1077560848921448448,-0.38915,-0.6486,-1.03775
x1077578461902979072,0.015550000000000008,-0.3818,-0.36624999999999996
x1077582239444226048,0.5267,0.3612,0.8878999999999999
x1077583494837125122,-0.4869,0.5423,0.055400000000000005
x1077584765841297413,0.0,0.0,0.0
x1077591044751949824,0.0,0.4215,0.4215
x1077592308567154688,-0.2467,-0.836,-1.0827
x1077625220985487360,0.31845,0.0,0.31845
x1077637116564307969,0.7804,0.0,0.7804
x1077643892856684545,0.5423,0.5423,1.0846
x1077645156831166465,0.40663333333333335,0.0,0.40663333333333335
x1077665283932852230,0.0,0.0,0.0
x1077681641559154704,-0.5908,0.4215,-0.1693
x1077700647250735104,0.0,0.0,0.0
x1077719389984571394,0.0,0.3818,0.3818
x1077733233121476608,0.1868,-0.6486,-0.4618
x1077758397947281412,-0.66236,-0.25,-0.91236
x1077764689306808321,0.69485,0.5423,1.23715
x1077770982251773954,0.0772,0.5106,0.5878000000000001
x1077773498888663040,0.0,0.0,0.0
x1077802441255587841,-0.7675,0.0,-0.7675
x1077813771933007873,0.0,-0.1779,-0.1779
x1077816277987667968,-0.34,-0.2732,-0.6132
x1077831387170906113,-0.2416,0.0,-0.2416
x1077842702430019584,0.24580000000000002,0.0,0.24580000000000002
x1077844005784817664,-0.17850000000000002,0.875,0.6965
x1077846514507091968,-0.09835,-0.6808,-0.77915
x1077847735875846144,0.0,0.6705,0.6705
x1077866612341002240,0.07374999999999998,0.0,0.07374999999999998
x1077869131112873984,-0.8859999999999999,-0.4767,-1.3626999999999998
x1077874193570648064,0.0,-0.2263,-0.2263
x1077877934952636416,-0.1706,-0.4019,-0.5725
x1077894297259835393,-0.23095,-0.2732,-0.50415
x1077912008815718401,-0.22605,-0.5106,-0.73665
x1077924495132889088,0.1779,0.0,0.1779
x1077933299891286018,0.42408,0.0,0.42408
x1077942462436569091,-0.8176,0.0,-0.8176
x1077948399222022145,0.0,-0.2263,-0.2263
x1077949724395819008,0.05654999999999999,-0.1779,-0.12135000000000001
x1077952186317967360,-0.865,-0.5106,-1.3756
x1077984903432683522,0.5106,0.6249,1.1355
x1077987533399752706,-0.13465,0.4404,0.30575
x1078005025039880193,-0.06434999999999999,0.875,0.81065
x1078017719507845120,-0.4767,0.4588,-0.017900000000000027
x1078020139910656000,-0.5859,0.1027,-0.48319999999999996
x1078031446512750603,-0.1759,0.0,-0.1759
x1078047846660739072,0.0,-0.1779,-0.1779
x1078055362425749509,0.743,0.875,1.6179999999999999
x1078060396563652608,-0.3818,0.4019,0.020100000000000007
x1078065425148248065,-0.4267,0.0,-0.4267
x1078084294654844928,0.0,0.0,0.0
x1078091844200865797,-0.6969,0.0,-0.6969
x1078104427704344578,0.4215,-0.5994,-0.17790000000000006
x1078125819380318208,0.4588,0.7351,1.1939
x1078133371497267201,0.0,0.0,0.0
x1078135887526064129,-0.0332,0.0,-0.0332
x1078136145278574592,0.3612,0.0,0.3612
x1078147209336631296,0.0,-0.7553,-0.7553
x1078152242333655041,0.1531,0.0,0.1531
x1078161074329997313,-0.8658,0.0,-0.8658
x1078171127040622593,0.2023,0.0,0.2023
x1078177408102977536,0.22970000000000002,0.6249,0.8546
x1078182441322463232,0.0,0.0,0.0
x1078201315342405632,-0.20179999999999998,0.0,-0.20179999999999998
x1078218938293669888,0.0772,0.2732,0.3504
x1078236598905516032,0.4404,-0.29600000000000004,0.14439999999999997
x1078237806642769921,0.09534000000000001,0.6249,0.72024
x1078242839421698048,0.4404,0.0,0.4404
x1078298204616183809,0.6602,0.6249,1.2851
x1078303237449674753,-0.33113999999999993,0.0,-0.33113999999999993
x1078304687458316288,0.0,0.0,0.0
x1078313304265764866,0.0,-0.2023,-0.2023
x1078322130331320320,0.6369,0.0,0.6369
x1078349959236325377,-0.2023,-0.7003,-0.9026000000000001
x1078354843159400448,0.0,0.3818,0.3818
x1078369927218819073,-0.10426666666666667,0.0,-0.10426666666666667
x1078434474193412096,0.0,0.4926,0.4926
x1078434522226552832,-0.4215,0.0,-0.4215
x1078434556494016512,0.0,-0.4215,-0.4215
x1078434592082677760,-0.5994,0.0,-0.5994
x1078434620847222784,0.4019,-0.5994,-0.19750000000000006
x1078434649876029440,-0.5423,0.4019,-0.14040000000000002
x1078435360789721094,-0.6877500000000001,-0.4588,-1.14655
x1078440512561049601,0.0,0.0,0.0
x1078452977202069505,0.26733333333333337,0.7096,0.9769333333333334
x1078465564631289857,0.04924999999999996,0.5106,0.55985
x1078483176027312129,-0.42475,-0.6808,-1.10555
x1078490726189752320,0.4215,0.0,0.4215
x1078504563890667520,0.08975999999999999,0.2263,0.31606
x1078507080221319169,0.0,-0.2023,-0.2023
x1078510859226361856,0.03115000000000001,0.0,0.03115000000000001
x1078523473268523008,0.1665875,0.0,0.1665875
x1078564961721376768,0.0,0.2263,0.2263
x1078564961918414848,-0.29600000000000004,0.0,-0.29600000000000004
x1078582074745937920,0.0,0.0,0.0
x1078596423590035456,0.0479,-0.836,-0.7881
x1078600194361458688,0.18015,0.3612,0.54135
x1078631663826100224,-0.7579,0.0,-0.7579
x1078642724310413312,-0.4678,0.0,-0.4678
x1078644304611033088,0.06745000000000001,-0.4019,-0.33444999999999997
x1078648009045360642,-0.11315,0.3612,0.24805000000000002
x1078654301646536704,-0.9359999999999999,-0.5267,-1.4627
x1078655307126054912,0.3802,0.0,0.3802
x1078669414566907906,0.25097499999999995,0.0,0.25097499999999995
x1078682112482512896,-0.4314,0.0,-0.4314
x1078690791466295296,0.8684,0.3612,1.2296
x1078692052655841280,-0.0516,-0.4019,-0.45349999999999996
x1078702118322794502,0.6484,-0.5267,0.12170000000000003
x1078724771582492672,-0.2263,-0.8625,-1.0888
x1078738606041133057,0.5479499999999999,0.3612,0.9091499999999999
x1078739876403691520,0.0,-0.4019,-0.4019
x1078757564169576448,0.38553333333333334,-0.1027,0.2828333333333333
x1078792760109514752,0.20095,-0.6808,-0.47985
x1078795244219654145,-0.4939,-0.1027,-0.5966
x1078796489625923585,-0.2755,0.3612,0.0857
x1078829202974097408,0.0,0.3612,0.3612
x1078848089455316992,0.0,0.0,0.0
x1078880795073368064,-0.2787,0.0,-0.2787
x1078916062568218625,-0.28765,0.0,-0.28765
x1078921061947842560,0.1531,0.2732,0.4263
x1078936159328325632,0.3182,-0.4404,-0.12220000000000003
x1078973908617957378,-0.11735000000000001,0.0,-0.11735000000000001
x1078978942768504832,0.4007,0.5267,0.9274
x1078983994165940227,0.0,-0.4939,-0.4939
x1078987747967160321,0.36,0.0,0.36
x1078994602458300417,-0.0030000000000000027,0.0258,0.022799999999999997
x1079004118713319424,-0.741,-0.1027,-0.8437
x1079021652728573953,-0.56725,0.0,-0.56725
x1079026757594943488,0.0644,0.29600000000000004,0.36040000000000005
x1079031789182689280,0.0,0.1779,0.1779
x1079035440001363974,-0.128,-0.3291,-0.4571
x1079039343568871424,0.5093,0.0,0.5093
x1079099555499655174,0.0,0.0,0.0
x1079135078901579776,0.0,0.0,0.0
x1079142534645977089,0.14675999999999997,0.5106,0.65736
x1079150088310673408,0.128,-0.1779,-0.0499
x1079157617866522625,-0.3182,0.0258,-0.2924
x1079165245598388224,0.4019,0.4939,0.8957999999999999
x1079190334033276930,0.01759999999999995,0.34,0.3576
x1079218015202394113,-0.34,0.0,-0.34
x1079225695929356289,-0.5574,0.3818,-0.17560000000000003
x1079229339743338496,-0.8523,0.0,-0.8523
x1079263313111011328,-0.4767,-0.4019,-0.8786
x1079270887248068608,-0.765,-0.8658,-1.6308
x1079289737440043008,0.29600000000000004,0.0,0.29600000000000004
x1079311131632697345,-0.7506,-0.8885,-1.6391
x1079321195105996800,0.46309999999999996,-0.0258,0.43729999999999997
x1079331264602271744,-0.8374,0.2023,-0.6351
x1079336297146269697,-0.21208,0.0,-0.21208
x1079348881589235713,-0.0258,-0.5423,-0.5681
x1079371531485151232,0.0,-0.1779,-0.1779
x1079384174140837888,-0.1027,-0.5423,-0.645
x1079386626948845571,-0.2366,-0.802,-1.0386
x1079400467673899008,0.0,0.3612,0.3612
x1079425645141217280,0.3022909090909091,0.4939,0.7961909090909092
x1079489807930281991,-0.37788,-0.7903,-1.16818
x1079497443753017344,-0.031799999999999995,0.4939,0.4621
x1079512562176282632,-0.1591,0.25,0.09090000000000001
x1079522522259963906,-0.0572,-0.3182,-0.37539999999999996
x1079535131705135110,0.0,0.7003,0.7003
x1079570338093113345,0.0,-0.4019,-0.4019
x1079572983247712256,0.0,-0.8674,-0.8674
x1079577887227834369,-0.4019,-0.2263,-0.6282
x1079582920770273280,-0.044300000000000006,0.2263,0.182
x1079585439487610880,-0.3609,0.0,-0.3609
x1079591727332294656,-0.27275000000000005,-0.8555,-1.12825
x1079600537237184512,-0.4767,0.3818,-0.09490000000000004
x1079608089169547265,-0.3612,0.4404,0.07919999999999999
x1079615636622450688,0.8074,0.0,0.8074
x1079625700758507520,0.44883333333333336,0.0,0.44883333333333336
x1079640855483506688,0.29600000000000004,0.2023,0.4983000000000001
x1079643320106864640,0.028033333333333337,-0.4404,-0.41236666666666666
x1079645838828285952,-0.20576666666666668,0.0,-0.20576666666666668
x1079658419383087104,-0.43335,-0.4767,-0.91005
x1079660936934408194,0.0,0.3318,0.3318
x1079668484752187393,-0.12670000000000003,-0.6808,-0.8075
x1079671004891361280,-0.5574,0.0,-0.5574
x1079672267682996225,-0.11256,-0.4215,-0.53406
x1079677750334545921,0.30784999999999996,0.3818,0.6896499999999999
x1079682324252352512,0.0,-0.6369,-0.6369
x1079683582258499584,-0.1909,0.743,0.5521
x1079716228074299393,-0.2732,0.34,0.06680000000000003
x1079741465297895424,0.0,-0.0263,-0.0263
x1079751533154189314,0.2347,-0.4767,-0.24200000000000002
x1079759085006999555,-0.29600000000000004,0.6486,0.3525999999999999
x1079762855606530054,0.3716,-0.4215,-0.0499
x1079765371740012544,0.873,0.0,0.873
x1079766640911413248,-0.2553,0.0,-0.2553
x1079770405420711936,0.2553,0.3818,0.6371
x1079779215405391873,0.0,0.0,0.0
x1079789284033548288,-0.2635,0.4939,0.2304
x1079812610441109504,0.3057,0.0,0.3057
x1079814570930253824,0.0,0.0,0.0
x1079818220499095552,-0.28825,-0.8555,-1.14375
x1079850935470485504,0.9169,0.0,0.9169
x1079859821497716736,0.0,0.0,0.0
x1079869811612680192,0.4019,-0.7003,-0.29840000000000005
x1079884927343181824,-0.11833333333333336,0.3182,0.19986666666666664
x1079892463123419136,0.5093,0.5267,1.036
x1079911333317885952,0.1858,0.0,0.1858
x1079912272909291522,0.6369,0.0,0.6369
x1079923916360110082,0.575,-0.6369,-0.061900000000000066
x1079927704886132737,0.6114,0.2023,0.8137000000000001
x1079945312825995266,-0.3412,0.29600000000000004,-0.04519999999999996
x1079957935911043073,0.0,0.0,0.0
x1079965556831342592,0.0,0.0,0.0
x1079970476070445056,-0.5799,-0.1027,-0.6826
x1079971731219988480,0.7482,0.0,0.7482
x1079981797729984512,0.4404,0.4215,0.8619
x1079983056738574336,0.66845,-0.5994,0.06904999999999994
x1079996897345978368,-0.10940000000000003,0.0,-0.10940000000000003
x1080004447068139521,0.6114,0.0,0.6114
x1080005711638286336,-0.2263,-0.5426,-0.7688999999999999
x1080028361936769024,0.2869,-0.7184,-0.43150000000000005
x1080035907602919430,0.1531,-0.1027,0.050400000000000014
x1080037162513588225,0.0,0.0516,0.0516
x1080038424529260544,0.5391333333333334,-0.3818,0.15733333333333338
x1080042196018098176,-0.3412,0.4215,0.08029999999999998
x1080048522106425344,0.2896,0.7227,1.0123
x1080051005088301056,-0.9641,0.0,-0.9641
x1080051511328047104,0.7506,0.2023,0.9529000000000001
x1080054023728910343,0.34073333333333333,0.6908,1.0315333333333334
x1080057296040878082,0.37929999999999997,0.0,0.37929999999999997
x1080064845024817152,0.4926,0.0,0.4926
x1080078753802403840,-0.5423,0.0,-0.5423
x1080081209525501953,0.0,0.0,0.0
x1080090010706034693,0.16215,0.7845,0.94665
x1080096304238342149,-0.5719,0.6901,0.11820000000000008
x1080108978334564357,-0.17985,-0.4019,-0.58175
x996562879464726529,0.8402,,
